word,phonetic,definition,example
abandon,动态发音,v. 抛弃，遗弃；（因危险）离开，舍弃；中止，不再有；放弃（信念、信仰或看法）；陷入，沉湎于（某种情...,The scholarly paper illustrates the significant impact of abandon in the empirical study.
abolish,动态发音,v. 废除，废止，取消,The scholarly paper illustrates the significant impact of abolish in the empirical study.
abrupt,动态发音,adj. 突然的，意外的；粗鲁的，唐突的，（言语）生硬的；险峻的，陡峭的；（讲话或写作风格）不流畅的...,The scholarly paper illustrates the significant impact of abrupt in the empirical study.
abstract,动态发音,adj. 抽象的，纯概念的；（艺术）抽象派的；理论上的，不切实际的; n. 摘要，梗概；抽象画，抽象...,The scholarly paper illustrates the significant impact of abstract in the empirical study.
absurd,动态发音,adj. 愚蠢的，荒谬的；滑稽可笑的；荒诞派的; n. 荒诞，荒诞的事物 （the absurd）,The scholarly paper illustrates the significant impact of absurd in the empirical study.
abundant,动态发音,adj. 大量的，丰富的，充足的,The scholarly paper illustrates the significant impact of abundant in the empirical study.
accelerate,动态发音,v. （使）加快，促进；（车辆或驾驶者）加速,The scholarly paper illustrates the significant impact of accelerate in the empirical study.
accumulate,动态发音,v. 积累，积攒,The scholarly paper illustrates the significant impact of accumulate in the empirical study.
accurate,动态发音,adj. 准确的，精确的；（工具，方法）精密的；正确无误的；（武器、投掷）精准的,The scholarly paper illustrates the significant impact of accurate in the empirical study.
accuse,动态发音,v. 控告，指控；指责，谴责，归咎于,The scholarly paper illustrates the significant impact of accuse in the empirical study.
achieve,动态发音,v. （经努力）达到，取得，实现；获得成功,The scholarly paper illustrates the significant impact of achieve in the empirical study.
acknowledge,动态发音,v. 承认；认可； 跟……打招呼，理会；告知收到；（公开）感谢,The scholarly paper illustrates the significant impact of acknowledge in the empirical study.
acquire,动态发音,v. 获得，得到；学到，习得；患上（疾病）；逐渐具有，开始学会,The scholarly paper illustrates the significant impact of acquire in the empirical study.
adapt,动态发音,v. 适应；调整，使适合；改编；改造，改装,The scholarly paper illustrates the significant impact of adapt in the empirical study.
advocate,动态发音,v. 拥护，提倡; n. 拥护者，提倡者；辩护律师；（为某一类人）谋利益者；（一项事业或个组织的）工...,The scholarly paper illustrates the significant impact of advocate in the empirical study.
affect,动态发音,v. 影响；（疾病）侵袭，感染；（在感情上）深深打动，震撼；<正式> 假装，佯装; n. （尤指影响...,The scholarly paper illustrates the significant impact of affect in the empirical study.
alter,动态发音,v. 改变，改动；（使）变化；改（服装）；改建（某建筑）；<美>阉割; 【名】 （Alter）（美、...,The scholarly paper illustrates the significant impact of alter in the empirical study.
ambiguity,动态发音,n. 模棱两可，不明确；含混不清的语句；一语多义；暧昧，难以理解的感情（或想法）,The scholarly paper illustrates the significant impact of ambiguity in the empirical study.
anticipate,动态发音,v. 预期，预料；预见（并做准备）；期望，盼望；先于……做，早于……行动；提前使用；在期限内履行（义...,The scholarly paper illustrates the significant impact of anticipate in the empirical study.
apparent,动态发音,adj. 显而易见的，易懂的；貌似的，表面上的,The scholarly paper illustrates the significant impact of apparent in the empirical study.
approach,动态发音,v. 靠近，临近；接洽，交谈；对付，处理；近似，接近于; n. 方法，态度；靠近，接近；接洽，要求；...,The scholarly paper illustrates the significant impact of approach in the empirical study.
artificial,动态发音,adj. 人造的，人工的；人为的；不真挚的，矫揉造作的,The scholarly paper illustrates the significant impact of artificial in the empirical study.
assess,动态发音,v. 评价，评定；估价，估计；征税，处以罚金,The scholarly paper illustrates the significant impact of assess in the empirical study.
attribute,动态发音,v. 把……归因于；认为是……所作；认为……具有某种特质; n. 属性，特质；标志，象征；定语,The scholarly paper illustrates the significant impact of attribute in the empirical study.
authority,动态发音,n. 专家，权威人士；行政管理机构；权利，权限；权威，威信；许可，授权；当局，官方,The scholarly paper illustrates the significant impact of authority in the empirical study.
bias,动态发音,n. 偏见，成见；偏好，天赋；倾向，趋势；斜纹；（统计）偏差，偏倚；偏重心球形；偏压，偏统; v. ...,The scholarly paper illustrates the significant impact of bias in the empirical study.
boom,动态发音,n. 繁荣；流行，风靡；隆隆声；吊杆；帆桁；水栅; v. 迅速发展，繁荣；轰鸣，轰响；用低沉的声音说...,The scholarly paper illustrates the significant impact of boom in the empirical study.
boundary,动态发音,n. 分界线，边界；界限，范围；（板球）击球超过边界线得分,The scholarly paper illustrates the significant impact of boundary in the empirical study.
bureaucracy,动态发音,n. 官僚制度，官僚机构，官僚作风；官僚，政府官员,The scholarly paper illustrates the significant impact of bureaucracy in the empirical study.
campaign,动态发音,n. （有计划的）活动，运动；战役，战斗; v. 领导（参加）运动，从事竞选活动,The scholarly paper illustrates the significant impact of campaign in the empirical study.
casual,动态发音,adj. 休闲的，便装的；随便的，非正式的；漫不经心的，随意的；临时的，短期的；碰巧的，偶然的；不认...,The scholarly paper illustrates the significant impact of casual in the empirical study.
category,动态发音,n. 种类，范畴,The scholarly paper illustrates the significant impact of category in the empirical study.
chaos,动态发音,n. 混乱，无秩序状态；混沌; 【名】 （Chaos）（西）查奥斯（人名）,The scholarly paper illustrates the significant impact of chaos in the empirical study.
chronic,动态发音,adj. （疾病）慢性的，长期的；（问题）一直有的，反复出现的；难以根除的，积习难改的；<英，非正式...,The scholarly paper illustrates the significant impact of chronic in the empirical study.
circumstance,动态发音,n. 条件，情况，环境；境况，经济状况；详情，原委；命运，境遇; v. 处于某种情况,The scholarly paper illustrates the significant impact of circumstance in the empirical study.
collaborate,动态发音,v. 合作，协作；勾结，通敌,The scholarly paper illustrates the significant impact of collaborate in the empirical study.
combat,动态发音,n. 战斗，搏斗；争论，反对; v. 与……作斗争；防止，减轻; adj. 战斗的；为……斗争的; ...,The scholarly paper illustrates the significant impact of combat in the empirical study.
commit,动态发音,v. 犯（罪、错）；调拨，投入；（使）承诺，承担义务；郑重承诺，忠于；把……关进医院（监狱），监禁；...,The scholarly paper illustrates the significant impact of commit in the empirical study.
compensate,动态发音,v. 赔偿，偿付；弥补，补偿；抵消；酬报（某人）,The scholarly paper illustrates the significant impact of compensate in the empirical study.
comply,动态发音,v. 遵从，服从；（商品）符合特定标准,The scholarly paper illustrates the significant impact of comply in the empirical study.
compulsory,动态发音,adj. 必须做的，义务的，强制的; n. （花样滑冰、竞技体操等的）规定动作,The scholarly paper illustrates the significant impact of compulsory in the empirical study.
conceal,动态发音,v. 隐匿，隐藏；隐瞒（真实感情或真相）；遮盖，遮住,The scholarly paper illustrates the significant impact of conceal in the empirical study.
concede,动态发音,v. （通常指不情愿地）承认；认（输），承认（失败）；授予，让与；让对手得分,The scholarly paper illustrates the significant impact of concede in the empirical study.
concrete,动态发音,adj. 确实的，具体的；实在的，有形的；混凝土的；物质的; n. 混凝土; v. 用混凝土覆盖（或...,The scholarly paper illustrates the significant impact of concrete in the empirical study.
conflict,动态发音,n. 争执，争论，分歧；战斗，战争；抵触，矛盾; v. 冲突，抵触,The scholarly paper illustrates the significant impact of conflict in the empirical study.
confer,动态发音,v. 授予，赋予；商讨，交换意见; 【名】 （Confer）（英）康弗 （人名）,The scholarly paper illustrates the significant impact of confer in the empirical study.
consensus,动态发音,n. 一致看法，共识,The scholarly paper illustrates the significant impact of consensus in the empirical study.
consequence,动态发音,n. 结果，后果；重要性，价值,The scholarly paper illustrates the significant impact of consequence in the empirical study.
conserve,动态发音,v. 保护，保存；节省，节约；使（量，如能量、质量）守恒；将……制成蜜饯; n. 蜜饯，果脯,The scholarly paper illustrates the significant impact of conserve in the empirical study.
conspicuous,动态发音,adj. 出色的，引人注目的；显眼的，明显的,The scholarly paper illustrates the significant impact of conspicuous in the empirical study.
constitute,动态发音,v. 组成，构成；是，被视为；成立，设立；任命,The scholarly paper illustrates the significant impact of constitute in the empirical study.
consume,动态发音,v. 消耗，消费；吃，喝；吞噬，烧毁；使……着迷，充满,The scholarly paper illustrates the significant impact of consume in the empirical study.
contend,动态发音,v. 声称，主张；竞争，争夺；处理，对付,The scholarly paper illustrates the significant impact of contend in the empirical study.
contradict,动态发音,v. 反驳，否认；相抵触，相矛盾；发生矛盾,The scholarly paper illustrates the significant impact of contradict in the empirical study.
contribute,动态发音,v. 捐赠，捐助；（为……）做贡献；促成，是……的原因之一；撰稿，投稿；发表意见，提议,The scholarly paper illustrates the significant impact of contribute in the empirical study.
controversy,动态发音,n. 争论，争议,The scholarly paper illustrates the significant impact of controversy in the empirical study.
convey,动态发音,v. 传送，运输；表达，传递；<法律>转让（土地、财产等）,The scholarly paper illustrates the significant impact of convey in the empirical study.
cope,动态发音,v. 对付，处理; n. 长袍，法衣; 【名】 （Cope）（英）科普，（西）科佩（人名）,The scholarly paper illustrates the significant impact of cope in the empirical study.
correlate,动态发音,v. 相互关联；显示紧密联系; n. 相关的事物,The scholarly paper illustrates the significant impact of correlate in the empirical study.
counterpart,动态发音,n. 对应的人（或事物）；（法律文件的）副本,The scholarly paper illustrates the significant impact of counterpart in the empirical study.
critical,动态发音,adj. 批判的，爱挑剔的；极其重要的，关键的；严重的，危急的；病重的，重伤的；评论性的，评论家的；...,The scholarly paper illustrates the significant impact of critical in the empirical study.
crucial,动态发音,adj. 至关重要的，决定性的；<非正式>极好的,The scholarly paper illustrates the significant impact of crucial in the empirical study.
cultivate,动态发音,v. 开垦，耕作；栽培，培育；陶冶，培养；建立（友谊），结交,The scholarly paper illustrates the significant impact of cultivate in the empirical study.
cynical,动态发音,adj. 认为人皆自私的，愤世嫉俗的；悲观的，怀疑的；损人利己的；轻蔑的，嘲笑的,The scholarly paper illustrates the significant impact of cynical in the empirical study.
decline,动态发音,v. 下降，衰退；拒绝，谢绝；变格，词形变化; n. 减少，衰退,The scholarly paper illustrates the significant impact of decline in the empirical study.
dedicate,动态发音,v. 致力于，献身于；把（书、戏剧、音乐作品等）献给；为（建筑物或教堂）举行奉献（或落成）典礼,The scholarly paper illustrates the significant impact of dedicate in the empirical study.
deficit,动态发音,n. 亏损，赤字，不足额；（体育用语）失分数；缺乏，缺陷,The scholarly paper illustrates the significant impact of deficit in the empirical study.
defy,动态发音,v. 违抗，不服从；挑战，激；无法，难以（描述或理解）；经受住，顶住,The scholarly paper illustrates the significant impact of defy in the empirical study.
degenerate,动态发音,v. 恶化，堕落，退化; adj. 衰退的，堕落的；退化的; n. 堕落的人，颓废的人,The scholarly paper illustrates the significant impact of degenerate in the empirical study.
deliberate,动态发音,adj. 故意的，蓄意的；从容的，小心翼翼的；深思熟虑的; v. 仔细考虑，认真商讨,The scholarly paper illustrates the significant impact of deliberate in the empirical study.
demonstrate,动态发音,v. 证明；示范，演示；表露；游行，示威,The scholarly paper illustrates the significant impact of demonstrate in the empirical study.
deny,动态发音,v. 否认；拒绝承认；拒绝给予,The scholarly paper illustrates the significant impact of deny in the empirical study.
deprive,动态发音,v. 剥夺，使丧失；免去……的职务（尤指圣职）,The scholarly paper illustrates the significant impact of deprive in the empirical study.
derive,动态发音,v. 获得，取得；起源于，来自；提取，衍生（化学物质）; 【名】 （Derive）（法）德里夫（人名...,The scholarly paper illustrates the significant impact of derive in the empirical study.
descend,动态发音,v. 下来，下降；下倾，下斜；降临，来临；（情绪、气氛等）笼罩；突然到来，突然造访；降低身份，堕落；...,The scholarly paper illustrates the significant impact of descend in the empirical study.
deserve,动态发音,v. 值得，应受,The scholarly paper illustrates the significant impact of deserve in the empirical study.
designate,动态发音,v. 把……定名为，把……描述为；任命，指定；标明，标示; adj. 已当选而尚未上任的,The scholarly paper illustrates the significant impact of designate in the empirical study.
desolate,动态发音,adj. 荒无人烟的，荒凉的；凄凉的，孤独忧伤的; v. 使悲痛欲绝，使孤独凄凉；使荒凉，使成废墟,The scholarly paper illustrates the significant impact of desolate in the empirical study.
despise,动态发音,v. 鄙视，厌恶，看不起,The scholarly paper illustrates the significant impact of despise in the empirical study.
detach,动态发音,v. 拆下，使分离；脱离，摆脱；派遣，分派,The scholarly paper illustrates the significant impact of detach in the empirical study.
deteriorate,动态发音,v. 恶化，变坏,The scholarly paper illustrates the significant impact of deteriorate in the empirical study.
deviate,动态发音,v. 偏离，脱离；违背; adj. 离经叛道的; n. 异类，偏离规范的人；偏离,The scholarly paper illustrates the significant impact of deviate in the empirical study.
devise,动态发音,v. 设计，发明；<法律>（通过遗嘱）遗赠（不动产）；<古>图谋; n. <法律>（遗嘱中）遗赠不动...,The scholarly paper illustrates the significant impact of devise in the empirical study.
devote,动态发音,v. 献身，致力；用于,The scholarly paper illustrates the significant impact of devote in the empirical study.
diagnose,动态发音,v. 诊断（病症）；找出原因,The scholarly paper illustrates the significant impact of diagnose in the empirical study.
dictate,动态发音,v. 命令，规定；影响，支配；口述，使听写; n. 命令，规定,The scholarly paper illustrates the significant impact of dictate in the empirical study.
differentiate,动态发音,v. 使不同；求……的微分；区别,The scholarly paper illustrates the significant impact of differentiate in the empirical study.
diffuse,动态发音,v. 扩散，弥漫；减弱，平息（不良情绪或局面）；传播，散布; adj. 扩散的，弥漫的；难解的，冗长...,The scholarly paper illustrates the significant impact of diffuse in the empirical study.
dilemma,动态发音,n. （进退两难的）窘境，困境；二难推理，两刀论法,The scholarly paper illustrates the significant impact of dilemma in the empirical study.
diminish,动态发音,v. 减弱，降低，减少；贬低，轻视,The scholarly paper illustrates the significant impact of diminish in the empirical study.
discipline,动态发音,n. 纪律，风纪；惩罚，处分；训导，管教；训练，锻炼；自制力，自律能力；（尤指大学的）科目，学科; ...,The scholarly paper illustrates the significant impact of discipline in the empirical study.
disclose,动态发音,v. 透露，公开；揭开，使显露,The scholarly paper illustrates the significant impact of disclose in the empirical study.
discrepancy,动态发音,n. 差异，不符,The scholarly paper illustrates the significant impact of discrepancy in the empirical study.
discriminate,动态发音,v. 区分，辨别；歧视，区别对待,The scholarly paper illustrates the significant impact of discriminate in the empirical study.
disguise,动态发音,v. 假扮，伪装；掩饰，隐瞒; n. 伪装物，伪装,The scholarly paper illustrates the significant impact of disguise in the empirical study.
dismiss,动态发音,v. 开除，解雇；不考虑，不理会；驳回，停止受理；让……离开，解散；（板球）使退场，使出局,The scholarly paper illustrates the significant impact of dismiss in the empirical study.
displace,动态发音,v. 取代，代替；使（人或动物群体）离开家园；移动，转移,The scholarly paper illustrates the significant impact of displace in the empirical study.
dispose,动态发音,v. 处理，放置，安排；使易于，使倾向于；丢掉,The scholarly paper illustrates the significant impact of dispose in the empirical study.
dispute,动态发音,n. 争论，辩论，纠纷; v. 对……提出质疑，否认；争论，辩论；争夺，竞争；<旧>阻止（着陆），抵...,The scholarly paper illustrates the significant impact of dispute in the empirical study.
disregard,动态发音,v. 忽视，轻视，不尊重; n. 漠视，轻视,The scholarly paper illustrates the significant impact of disregard in the empirical study.
distinct,动态发音,adj. 不同的，有区别的；清楚的，明显的；确切的,The scholarly paper illustrates the significant impact of distinct in the empirical study.
distort,动态发音,v. 扭曲，使失真；歪曲，曲解,The scholarly paper illustrates the significant impact of distort in the empirical study.
distract,动态发音,v. 使分心，使转移注意力；<古>使困惑，使迷惑,The scholarly paper illustrates the significant impact of distract in the empirical study.
distribute,动态发音,v. 分发，分配；配送，分销；散布，使分布；（印刷）拆（版）还字；周延,The scholarly paper illustrates the significant impact of distribute in the empirical study.
diverse,动态发音,adj. 不同的，各式各样的,The scholarly paper illustrates the significant impact of diverse in the empirical study.
divert,动态发音,v. 使转向，使绕道；分散，转移；娱乐，供消遣；转接（电话）；改变（资金、材料等）的用途; 【名】 ...,The scholarly paper illustrates the significant impact of divert in the empirical study.
divide,动态发音,v. （使）分开，分散；分配，分担；使分离；分隔，隔开；使产生分歧；除，除以；分岔; n. 差异，分...,The scholarly paper illustrates the significant impact of divide in the empirical study.
document,动态发音,n. 文件，公文，文献；证件，单据；（计算机）文件，文档; v. 记录，记载（详情）,The scholarly paper illustrates the significant impact of document in the empirical study.
domestic,动态发音,adj. 国内的，本国的；家用的，家庭的；喜爱家庭生活的，乐于操持家务的；非野生的，驯养的; n. ...,The scholarly paper illustrates the significant impact of domestic in the empirical study.
dominant,动态发音,adj. 占支配地位的，占优势的；（基因）显性的; n. 显性（性状），显性基因,The scholarly paper illustrates the significant impact of dominant in the empirical study.
dominate,动态发音,v. 统治，支配；在……中占首要地位；俯视，高耸于；占绝对优势,The scholarly paper illustrates the significant impact of dominate in the empirical study.
doom,动态发音,n. 厄运，劫数；悲观，沮丧; v. 注定; 【名】 （Doom）（泰）伦（人名）,The scholarly paper illustrates the significant impact of doom in the empirical study.
drastic,动态发音,adj. 极端的，激烈的,The scholarly paper illustrates the significant impact of drastic in the empirical study.
durable,动态发音,adj. 持久的，耐用的；<非正式>（人）有耐力的，坚韧不拔的; n. 耐用品,The scholarly paper illustrates the significant impact of durable in the empirical study.
dynamic,动态发音,adj. 充满活力的，精力充沛的；动态的，发展变化的；力的，动力的; n. 动力，活力；相互作用，动...,The scholarly paper illustrates the significant impact of dynamic in the empirical study.
echo,动态发音,n. 回声，回音，余音绕梁；重复，附和，共鸣；相似之处，再现；回声插入；（话语结构和内容的）重复；（...,The scholarly paper illustrates the significant impact of echo in the empirical study.
eclipse,动态发音,n. 日食，月食；黯然失色；羽毛暗淡期；消失，丧失; v. 遮住……的光，使黯然失色,The scholarly paper illustrates the significant impact of eclipse in the empirical study.
ecology,动态发音,n. 生态学；生态；生态保护运动,The scholarly paper illustrates the significant impact of ecology in the empirical study.
economic,动态发音,adj. 经济的，经济学的；有利可图的；节约的,The scholarly paper illustrates the significant impact of economic in the empirical study.
edge,动态发音,n. 边，边缘；锋，刃；优势；影响力，奇特的品质；（声音里的）尖锐，怒气；（坏事的）边缘，临界点；棱...,The scholarly paper illustrates the significant impact of edge in the empirical study.
edit,动态发音,v. 编辑，校订；编选；剪辑；主编; n. 编辑，校订，剪辑; 【名】 （Edit）（罗、匈）埃迪特...,The scholarly paper illustrates the significant impact of edit in the empirical study.
effect,动态发音,n. 作用，影响；（刻意制造的）效果，印象；所有物，财产；生效，实行; v. 实现，引起,The scholarly paper illustrates the significant impact of effect in the empirical study.
efficiency,动态发音,n. 效率，效能；（机器的）功率,The scholarly paper illustrates the significant impact of efficiency in the empirical study.
efficient,动态发音,adj. 生效的，效率高的；（人）有能力的，能胜任的,The scholarly paper illustrates the significant impact of efficient in the empirical study.
effort,动态发音,n. 努力，艰难的尝试；力气，精力；有组织的活动；努力的结果，成就；努力的结果，成就,The scholarly paper illustrates the significant impact of effort in the empirical study.
ego,动态发音,n. 自负，自尊，自我意识；（心理学）自我; 【名】 （Ego）（法）埃戈，（日）依怙（人名）,The scholarly paper illustrates the significant impact of ego in the empirical study.
elaborate,动态发音,adj. 复杂的，详尽的；精心制作的; v. 详细说明，详尽阐述；精心制作,The scholarly paper illustrates the significant impact of elaborate in the empirical study.
elastic,动态发音,adj. 有弹性的；灵活的; n. 弹性织物，松紧带,The scholarly paper illustrates the significant impact of elastic in the empirical study.
elbow,动态发音,n. 肘，肘部；弯处，肘状物; v. 用肘推挤，用肘击打,The scholarly paper illustrates the significant impact of elbow in the empirical study.
elect,动态发音,v. 选举；选择（做）；（上帝）挑选（某人）（而使其灵魂永远得救）; adj. 候任的；选中的，卓越...,The scholarly paper illustrates the significant impact of elect in the empirical study.
elegant,动态发音,adj. （人）高雅的，举止优雅的；精美的，雅致的；简练的，巧妙的,The scholarly paper illustrates the significant impact of elegant in the empirical study.
element,动态发音,n. 基本部分，要素；元素；有点，少量；一群人；恶劣天气（the elements）；基本原理；适宜...,The scholarly paper illustrates the significant impact of element in the empirical study.
elevate,动态发音,v. 提拔，提升；抬起，提起；提高，增加；使情绪高昂，使兴高采烈,The scholarly paper illustrates the significant impact of elevate in the empirical study.
eliminate,动态发音,v. 剔除，根除；对……不予考虑，把……排除在外；（比赛中）淘汰；铲除，杀害；（生理）排除，排泄；消...,The scholarly paper illustrates the significant impact of eliminate in the empirical study.
elite,动态发音,n. 权力集团，上层人士；尖子，精英; adj. 出类拔萃的，精锐的,The scholarly paper illustrates the significant impact of elite in the empirical study.
eloquent,动态发音,adj. 雄辩的，口才流利的；传神的，明确表示的,The scholarly paper illustrates the significant impact of eloquent in the empirical study.
embark,动态发音,v. 上船，上飞机；着手，开始（新的或艰难的事情）,The scholarly paper illustrates the significant impact of embark in the empirical study.
embarrass,动态发音,v. （使）尴尬，窘迫；使难堪，使为难；<古>妨碍（人，移动，行动）；<古>使困难重重，使复杂化,The scholarly paper illustrates the significant impact of embarrass in the empirical study.
embody,动态发音,v. 具体表现，体现；收录，包括；<古>（尤指为军事目的）组织; 【名】 （Embody）（英）恩博...,The scholarly paper illustrates the significant impact of embody in the empirical study.
embrace,动态发音,v. 拥抱；欣然接受，乐意采纳；包括，涉及；围绕，环绕; n. 拥抱；接受，信奉,The scholarly paper illustrates the significant impact of embrace in the empirical study.
emerge,动态发音,v. 浮现，出现；显露，知悉；恢复过来，幸存下来；形成，兴起,The scholarly paper illustrates the significant impact of emerge in the empirical study.
eminent,动态发音,adj. （在某领域或职业中）卓越的，出众的；突出的，明显的,The scholarly paper illustrates the significant impact of eminent in the empirical study.
emit,动态发音,v. 排放，散发（尤指气体、辐射物）；发出（声音或噪音）；发行，发表,The scholarly paper illustrates the significant impact of emit in the empirical study.
emotion,动态发音,n. 情感，情绪；激情，强烈的情感,The scholarly paper illustrates the significant impact of emotion in the empirical study.
emphasis,动态发音,n. 重要性，重点强调；重读，强调；（表达的）强有力,The scholarly paper illustrates the significant impact of emphasis in the empirical study.
emphasize,动态发音,v. 强调，着重；重读（单词或短语）；使突出（或明显）,The scholarly paper illustrates the significant impact of emphasize in the empirical study.
empirical,动态发音,adj. 经验主义的，以经验为依据的,The scholarly paper illustrates the significant impact of empirical in the empirical study.
employ,动态发音,v. 雇用；使用，利用；忙于，从事（be employed in）; n. 受雇（in the em...,The scholarly paper illustrates the significant impact of employ in the empirical study.
empty,动态发音,adj. 空的；空洞的，无意义的；空虚的；无知的，愚蠢的；无用的，徒劳的; v. 清空；变空；流入；...,The scholarly paper illustrates the significant impact of empty in the empirical study.
emulate,动态发音,v. 仿效，模仿；仿真；努力赶上; adj. <古>争强好胜的,The scholarly paper illustrates the significant impact of emulate in the empirical study.
enable,动态发音,v. 使能够，使可能；激活，启动；准许，授权,The scholarly paper illustrates the significant impact of enable in the empirical study.
enact,动态发音,v. 制定，通过，颁布（法令）；扮演，表演；使发生，付诸实际,The scholarly paper illustrates the significant impact of enact in the empirical study.
enclose,动态发音,v. 包围，围住；随信附上，随信装入,The scholarly paper illustrates the significant impact of enclose in the empirical study.
encounter,动态发音,v. 遭遇；偶遇，邂逅; n. 偶遇，邂逅；经历，体验；冲突；比赛，交锋,The scholarly paper illustrates the significant impact of encounter in the empirical study.
encourage,动态发音,v. 鼓励，激励；鼓动，怂恿；刺激，促进,The scholarly paper illustrates the significant impact of encourage in the empirical study.
endeavor,动态发音,n. 努力；尽力（等于 endeavour）; vi. 努力；尽力（等于 endeavour）; v...,The scholarly paper illustrates the significant impact of endeavor in the empirical study.
endow,动态发音,v. 向（人，机构）捐赠，资助；赋予,The scholarly paper illustrates the significant impact of endow in the empirical study.
endure,动态发音,v. 持续存在，持久；忍受，忍耐,The scholarly paper illustrates the significant impact of endure in the empirical study.
energy,动态发音,n. 能力，力气；精力，活力；能源；能，能量,The scholarly paper illustrates the significant impact of energy in the empirical study.
enforce,动态发音,v. 实施，执行（法律、规章）；强迫，迫使；<旧>竭力使人接受（要求，论点）,The scholarly paper illustrates the significant impact of enforce in the empirical study.
engage,动态发音,v. 雇用，聘请；参加，从事；吸引，引起；与……交战，开战；（使）（机器）啮合，接合；<旧>预定（膳...,The scholarly paper illustrates the significant impact of engage in the empirical study.
engine,动态发音,n. 发动机，引擎；机车，火车头；专用装备，器械；工具，手段；驱动力，推动力,The scholarly paper illustrates the significant impact of engine in the empirical study.
enhance,动态发音,v. 增强，提高，改善,The scholarly paper illustrates the significant impact of enhance in the empirical study.
enigma,动态发音,n. 谜，不可思议的东西,The scholarly paper illustrates the significant impact of enigma in the empirical study.
enjoy,动态发音,v. 享受，欣赏，喜爱；过得愉快，玩得开心（enjoy oneself）；享有，拥有；<美，非正式>...,The scholarly paper illustrates the significant impact of enjoy in the empirical study.
enlarge,动态发音,v. 扩大，增大，放大；详述（enlarge on）,The scholarly paper illustrates the significant impact of enlarge in the empirical study.
enormous,动态发音,adj. 巨大的，极大的；<古>凶暴的，极恶的,The scholarly paper illustrates the significant impact of enormous in the empirical study.
ensure,动态发音,v. 确保，保证；保护，使安全,The scholarly paper illustrates the significant impact of ensure in the empirical study.
entail,动态发音,v. 使必要，需要；<旧>遗赠（财产），限定继承；使人承担; n. 限定继承，限嗣继承的财产,The scholarly paper illustrates the significant impact of entail in the empirical study.
enterprise,动态发音,n. 企业，事业单位；事业心，进取心；事业；创业，企业经营,The scholarly paper illustrates the significant impact of enterprise in the empirical study.
entertain,动态发音,v. 使有兴趣，使快乐；心存，怀有（想法、希望、感觉等）；招待，请客,The scholarly paper illustrates the significant impact of entertain in the empirical study.
enthusiasm,动态发音,n. 热情，热忱；热衷的活动，热爱的事物,The scholarly paper illustrates the significant impact of enthusiasm in the empirical study.
entitle,动态发音,v. 给予（某人）权利，给（某人）资格；给......命名，给......题名,The scholarly paper illustrates the significant impact of entitle in the empirical study.
entity,动态发音,n. 实体，独立存在体,The scholarly paper illustrates the significant impact of entity in the empirical study.
entrepreneur,动态发音,n. 企业家，创业者；主办者，提倡者,The scholarly paper illustrates the significant impact of entrepreneur in the empirical study.
envisage,动态发音,v. 设想，展望；<古>正视，面对,The scholarly paper illustrates the significant impact of envisage in the empirical study.
envy,动态发音,v. 羡慕，忌妒；向往，渴望（别人的东西）; n. 妒忌，羡慕；令人羡慕的人（或事物）,The scholarly paper illustrates the significant impact of envy in the empirical study.
epidemic,动态发音,n. 流行病，传染病；（迅速的）盛行，蔓延; adj. 盛行的，泛滥的,The scholarly paper illustrates the significant impact of epidemic in the empirical study.
episode,动态发音,n. 一段经历，一段时期；（电视剧或广播剧的）集，一集；疾病的发作，发病；插句，插段；（希腊悲剧中）...,The scholarly paper illustrates the significant impact of episode in the empirical study.
epoch,动态发音,n. 时代，纪元；值得纪念的事件（或日期）；世（地质年代，纪下分世）；历元,The scholarly paper illustrates the significant impact of epoch in the empirical study.
equal,动态发音,adj. （在数量、大小、程度、价值方面）相等的，相同的；平等的，同等的；胜任的，合适的；势均力敌的...,The scholarly paper illustrates the significant impact of equal in the empirical study.
equation,动态发音,n. 等式，方程（式）；等同（看待）；（必须考虑多种因素的）复杂局面（或问题）,The scholarly paper illustrates the significant impact of equation in the empirical study.
equip,动态发音,v. 装备，配备；使有所准备，使能够胜任,The scholarly paper illustrates the significant impact of equip in the empirical study.
equity,动态发音,n. 公平，公正；资产净值；普通股；衡平法,The scholarly paper illustrates the significant impact of equity in the empirical study.
equivalent,动态发音,adj. 等同的，等效的; n. 对等的人（或事物），对应的人（或事物）；当量（equivalent...,The scholarly paper illustrates the significant impact of equivalent in the empirical study.
erase,动态发音,v. 抹去，擦掉；删除；忘却；消除，消灭；（易）被擦掉，（易）被抹去,The scholarly paper illustrates the significant impact of erase in the empirical study.
erect,动态发音,v. 搭建，建造；使竖立，竖起；创立，建立；安装，装配；（使）勃起; adj. 竖直的，直立的；竖起...,The scholarly paper illustrates the significant impact of erect in the empirical study.
erode,动态发音,v. 侵蚀，腐蚀；削弱，降低,The scholarly paper illustrates the significant impact of erode in the empirical study.
erroneous,动态发音,adj. 错误的，不正确的,The scholarly paper illustrates the significant impact of erroneous in the empirical study.
erupt,动态发音,v. 喷发；爆发，突然发生；（感情）迸发；（斑疹等）突然冒出；长牙,The scholarly paper illustrates the significant impact of erupt in the empirical study.
escalate,动态发音,v. （使）变得严重，（使）升级；迅速增加，迅速增长；逐步增强，逐步升高,The scholarly paper illustrates the significant impact of escalate in the empirical study.
escape,动态发音,v. 逃跑，逃脱；逃避，摆脱；避开，避免（疾病或受伤等）；泄露，逸出；不自觉地说出；被遗忘，被忽略；...,The scholarly paper illustrates the significant impact of escape in the empirical study.
escort,动态发音,n. 护送者，护卫队，护航舰；（通常指异性的）社交聚会陪伴者，伴游；陪护，护送; v. 押送；护送，...,The scholarly paper illustrates the significant impact of escort in the empirical study.
essay,动态发音,n. （学生为某门课程所写的）短文，论说文； （用来刊登的）散文，随笔；企图，尝试；尚未采用的邮票设...,The scholarly paper illustrates the significant impact of essay in the empirical study.
essence,动态发音,n. 本质，要素；香精，香料; 【名】 （Essence）（英）埃森丝（人名）,The scholarly paper illustrates the significant impact of essence in the empirical study.
essential,动态发音,adj. 必不可少的，非常重要的；基本的，精髓的；（氨基酸、脂肪酸）必需的；（疾病）自发的，原发的;...,The scholarly paper illustrates the significant impact of essential in the empirical study.
establish,动态发音,v. 建立，设立；证实，确定；发现，找出；使被接受，使得到承认；使（故事的角色）真实；（桥牌）（通过...,The scholarly paper illustrates the significant impact of establish in the empirical study.
estate,动态发音,n. 财产，遗产；大片私有土地，庄园；<英>住宅区，工业区；<旧>社会阶层；（生活）状况，条件,The scholarly paper illustrates the significant impact of estate in the empirical study.
esteem,动态发音,n. 尊重，敬重; v. 尊重，敬重；认为，把……看作,The scholarly paper illustrates the significant impact of esteem in the empirical study.
estimate,动态发音,v. 估计；判断，评价; n. 估计，估价；估价单；看法，判断,The scholarly paper illustrates the significant impact of estimate in the empirical study.
eternal,动态发音,adj. 永恒的，永存的；似乎无休无止的，没完没了的,The scholarly paper illustrates the significant impact of eternal in the empirical study.
ethics,动态发音,n. 行为准则，道德原则；伦理学，道德学,The scholarly paper illustrates the significant impact of ethics in the empirical study.
ethnic,动态发音,adj. （有关）种族的，民族的；少数民族的；具有民族特色的，异国风味的；既非基督教亦非犹太教的，异...,The scholarly paper illustrates the significant impact of ethnic in the empirical study.
evacuate,动态发音,v. （把人从危险的地方）疏散，撤离；（从危险的地方）搬出，撤空；（用泵等）抽出，抽空；排泄（粪便等...,The scholarly paper illustrates the significant impact of evacuate in the empirical study.
evaluate,动态发音,v. 评价，评估，估值；求（方程式，公式，函数）的数值,The scholarly paper illustrates the significant impact of evaluate in the empirical study.
evaporate,动态发音,v. （使）蒸发，挥发；消失，消散,The scholarly paper illustrates the significant impact of evaporate in the empirical study.
exaggerate,动态发音,v. 夸大，言过其实；使扩大,The scholarly paper illustrates the significant impact of exaggerate in the empirical study.
exceed,动态发音,v. 超过，超出；超越（限制）；优于，胜过,The scholarly paper illustrates the significant impact of exceed in the empirical study.
excel,动态发音,v. 精通，擅长；超过，胜过,The scholarly paper illustrates the significant impact of excel in the empirical study.
exceptional,动态发音,adj. 卓越的，杰出的；不寻常的，罕见的；（心理或身体上）有缺陷的; n. （公司账目上的）异常项...,The scholarly paper illustrates the significant impact of exceptional in the empirical study.
excess,动态发音,n. 超过，过量；越轨行为，暴行；无节制，无度；（保险中的）免赔额; adj. 过多的，超额的；额外...,The scholarly paper illustrates the significant impact of excess in the empirical study.
exclude,动态发音,vt. （故意）不包括，把……排除在外；认为……不可能，排除……的可能；阻挡；开除（学生）；防止……...,The scholarly paper illustrates the significant impact of exclude in the empirical study.
exclusive,动态发音,adj. 独有的，专用的；高档的，昂贵的；不含……的；排外的；排斥的；全部的；唯一关心的；（新闻或报...,The scholarly paper illustrates the significant impact of exclusive in the empirical study.
execute,动态发音,v. 执行，实施；处决；完成，表演（高难度动作）；制作（艺术作品）；（计算机）执行指令（或程序）,The scholarly paper illustrates the significant impact of execute in the empirical study.
exemplify,动态发音,v. 是……的典范；举例说明,The scholarly paper illustrates the significant impact of exemplify in the empirical study.
exert,动态发音,v. 运用，施加（影响）；努力，尽力（exert oneself）,The scholarly paper illustrates the significant impact of exert in the empirical study.
exhaust,动态发音,v. 使精疲力尽；耗尽；详尽讨论；排放，排出（气体，蒸汽）; n. 废气；排气管，排气装置,The scholarly paper illustrates the significant impact of exhaust in the empirical study.
exhibit,动态发音,v. 表现出；卖弄，炫耀；提出（证据等）；展览，展出; n. 展品；（法庭上出示的）证物；<美>展览...,The scholarly paper illustrates the significant impact of exhibit in the empirical study.
exile,动态发音,n. 流放；被流放者，流亡者; v. 流放；使离开,The scholarly paper illustrates the significant impact of exile in the empirical study.
exotic,动态发音,adj. 奇异的，异国风情的; n. 外来植物，外来动物,The scholarly paper illustrates the significant impact of exotic in the empirical study.
expand,动态发音,v. 扩大，增加；扩展，发展；细谈，详述；变得更自信（善谈）；（宇宙）膨胀,The scholarly paper illustrates the significant impact of expand in the empirical study.
expel,动态发音,v. 把……开除（或除名）；驱逐；排出（空气、水、气体等）,The scholarly paper illustrates the significant impact of expel in the empirical study.
expend,动态发音,v. 花费，消耗，耗尽,The scholarly paper illustrates the significant impact of expend in the empirical study.
expense,动态发音,n. 代价，费用；业务费用，报销（expenses）；需要花钱的东西，花销的东西; v. <非正式>...,The scholarly paper illustrates the significant impact of expense in the empirical study.
expertise,动态发音,n. 专长，专门技能（知识）；专家的意见,The scholarly paper illustrates the significant impact of expertise in the empirical study.
expire,动态发音,v. 到期，失效；死亡；呼气，吐气；（任期）届满,The scholarly paper illustrates the significant impact of expire in the empirical study.
explicit,动态发音,adj. 清楚明白的，明确的，详述的；直截了当的，坦率的；赤裸裸表现性爱（或暴力）的，露骨的; n....,The scholarly paper illustrates the significant impact of explicit in the empirical study.
exploit,动态发音,v. 剥削，压榨；利用（……为自己谋利）；运用，发挥；开发，开拓; n. 英勇事迹，壮举；大胆的表演...,The scholarly paper illustrates the significant impact of exploit in the empirical study.
explore,动态发音,v. 探讨，探究；考察，探索；（用手或身体其他部位）探查，仔细检查,The scholarly paper illustrates the significant impact of explore in the empirical study.
explosive,动态发音,adj. 易爆的，可能引起爆炸的；（局势）一触即发的，爆炸性的；暴躁的，易怒的；激增的；强有力的；（...,The scholarly paper illustrates the significant impact of explosive in the empirical study.
export,动态发音,v. 出口；传播，输出；（在计算机中）导出，输出; n. 出口，输出；出口物，输出品；出口量，出口收...,The scholarly paper illustrates the significant impact of export in the empirical study.
expose,动态发音,v. 暴露，使显露；使面临，使遭受（危险或不快）；揭露，揭发；接触，体验；露出，显露（感情）；使（胶...,The scholarly paper illustrates the significant impact of expose in the empirical study.
express,动态发音,v. 表达，表露；表现，体现；（用数学方法）表示；压榨，挤压出（空气或液体）；特快发运; n. 快车...,The scholarly paper illustrates the significant impact of express in the empirical study.
extend,动态发音,v. 延伸；扩大，延长；持续；包括，波及；提供，表示；伸出；使竭尽全力；对……估价；继承（面向对象语...,The scholarly paper illustrates the significant impact of extend in the empirical study.
extensive,动态发音,adj. 广阔的；广泛的；巨大的，大量的；（农业）粗放（经营）的,The scholarly paper illustrates the significant impact of extensive in the empirical study.
extent,动态发音,n. 程度；范围，长度,The scholarly paper illustrates the significant impact of extent in the empirical study.
extinguish,动态发音,v. 熄灭；消灭，使破灭；<法律>取消（权利，义务），使无效；偿清；压制,The scholarly paper illustrates the significant impact of extinguish in the empirical study.
extra,动态发音,adj. 额外的；另外收费的; n. 另收费的事物；临时演员；（非击球所得的）附加分；<旧>（报纸的...,The scholarly paper illustrates the significant impact of extra in the empirical study.
extract,动态发音,n. 选段，引文；提取物，汁; v. 提取，提炼；取出，拔出；摘录；索取，设法得到；开（方），求（根...,The scholarly paper illustrates the significant impact of extract in the empirical study.
extraordinary,动态发音,adj. 异乎寻常的，令人惊奇的；非凡的，卓越的；特别的，临时的；特大（或多）的；特派的，特命的; ...,The scholarly paper illustrates the significant impact of extraordinary in the empirical study.
extravagant,动态发音,adj. 奢侈的，挥霍的；不切实际的，放肆的；豪华的，精美的,The scholarly paper illustrates the significant impact of extravagant in the empirical study.
extreme,动态发音,adj. 极大的，极度的；极端的，严重的；过分的，偏激的；尽头的，末端的；极限的，从事极限运动的; ...,The scholarly paper illustrates the significant impact of extreme in the empirical study.
fabricate,动态发音,v. 制造，生产；捏造，编造；组装，装配,The scholarly paper illustrates the significant impact of fabricate in the empirical study.
facilitate,动态发音,v. 使更容易，使便利；促进，推动,The scholarly paper illustrates the significant impact of facilitate in the empirical study.
faculty,动态发音,n. 机能；天赋，才能；（高等院校的）系，院；<美> 全体教员；<旧>（某行业，尤指医学行业的）全体...,The scholarly paper illustrates the significant impact of faculty in the empirical study.
fade,动态发音,v. 逐渐消失；（使）褪色，（使）变暗；枯萎，凋谢；变得虚弱；退步；（车辆的刹车因摩擦发热而）暂时失...,The scholarly paper illustrates the significant impact of fade in the empirical study.
faint,动态发音,adj. 模糊的，微弱的；微小的，可能性不大的；虚弱的，头晕目眩的；不热情的; n. 晕倒，昏厥; ...,The scholarly paper illustrates the significant impact of faint in the empirical study.
faith,动态发音,n. 信任，信心，信念；宗教；宗教信仰；忠诚; int. <爱尔兰>用以表示惊讶或强调千真万确; 【...,The scholarly paper illustrates the significant impact of faith in the empirical study.
fame,动态发音,n. 名誉，名气; v. 使闻名，使有名望,The scholarly paper illustrates the significant impact of fame in the empirical study.
famine,动态发音,n. 饥荒，饥馑；匮乏，短缺；<古>饥饿,The scholarly paper illustrates the significant impact of famine in the empirical study.
fancy,动态发音,v. <英，非正式> 喜欢，想要；<英，非正式> 爱恋，爱慕；<英，非正式> 认为……会成功（赢）；...,The scholarly paper illustrates the significant impact of fancy in the empirical study.
fatal,动态发音,adj. 致命的；导致失败的，灾难性的; 【名】 （Fatal）（葡、芬）法塔尔（人名）,The scholarly paper illustrates the significant impact of fatal in the empirical study.
fatigue,动态发音,n. 疲乏，厌倦；（金属部件的）疲劳；（士兵穿的）工作服；士兵杂役（尤指作为惩罚；如做打扫、帮厨）;...,The scholarly paper illustrates the significant impact of fatigue in the empirical study.
feasible,动态发音,adj. 可行的，办得到的；很可能会发生的,The scholarly paper illustrates the significant impact of feasible in the empirical study.
feature,动态发音,n. 特点，特征；五官，面貌（特征）；地貌；特写，专题节目；正片； 特点，特征; v. 以……为特色...,The scholarly paper illustrates the significant impact of feature in the empirical study.
federal,动态发音,adj. 联邦（制）的；（与）联邦政府（有关的）的；中央集权式的；（美国内战时期）北部联邦政府的; ...,The scholarly paper illustrates the significant impact of federal in the empirical study.
feeble,动态发音,adj. 衰弱的，虚弱的；（光线或声音）微弱的；软弱的；无效的，不佳的,The scholarly paper illustrates the significant impact of feeble in the empirical study.
feedback,动态发音,n. 反馈意见；（信号返回电子音响系统所致的）噪声；（返回机器、系统或者程序的）返回信息，返回电流,The scholarly paper illustrates the significant impact of feedback in the empirical study.
fertile,动态发音,adj. 肥沃的，富饶的；可繁殖的，能结果的；能产生好结果的，促进的；点子多的，想象力丰富的；（核材...,The scholarly paper illustrates the significant impact of fertile in the empirical study.
feudal,动态发音,adj. 封建（制度）的；过时（或老式）得可笑的；争吵的,The scholarly paper illustrates the significant impact of feudal in the empirical study.
fiber,动态发音,n. 纤维（等于 fibre）; n. (Fiber) （匈）菲贝尔（人名）,The scholarly paper illustrates the significant impact of fiber in the empirical study.
fiction,动态发音,n. 小说；虚构的事，谎言；杜撰，编造,The scholarly paper illustrates the significant impact of fiction in the empirical study.
fierce,动态发音,adj. （动作或情感）强烈的，激烈的；（人或动物）凶猛的，狂怒的；（天气等）狂暴的，恶劣的; ad...,The scholarly paper illustrates the significant impact of fierce in the empirical study.
figure,动态发音,n. 数字，数目，数值；数字符号，位数；身材，体型；（远处的）人影；（重要的）人物；（绘画或模型中）...,The scholarly paper illustrates the significant impact of figure in the empirical study.
finance,动态发音,n. 财政，金融；资金，财源；财务事务，经济情况; v. 提供资金；贷款购买，赊购; 【名】 （Fi...,The scholarly paper illustrates the significant impact of finance in the empirical study.
finite,动态发音,adj. 有限的，有限制的；限定的; n. 有限之物,The scholarly paper illustrates the significant impact of finite in the empirical study.
fist,动态发音,n. 拳，拳头；抓住，抓牢；<非正式>手迹，笔迹；指标参见号; v. 用拳头打；握成拳,The scholarly paper illustrates the significant impact of fist in the empirical study.
flame,动态发音,n. 火焰，火舌；强烈的感情，激情；含辱骂内容的电子邮件；<非正式>恋人，情人; v. 燃烧；（感情...,The scholarly paper illustrates the significant impact of flame in the empirical study.
flap,动态发音,n. 片状悬垂物；拍打，拍动；（飞机的）襟翼；<非正式>混乱，激动；<美>群众愤怒，大众批评; v....,The scholarly paper illustrates the significant impact of flap in the empirical study.
flare,动态发音,v. 突然烧旺，闪耀；突发，加剧；突然发怒，突然爆发；张开，展开; n. 闪耀的光；闪光装置，信号弹...,The scholarly paper illustrates the significant impact of flare in the empirical study.
flash,动态发音,v. 闪光，闪亮；（快速）出示，显示；飞驰，掠过；闪现；迅速播出，传送（信息）；突然显露（强烈情感）...,The scholarly paper illustrates the significant impact of flash in the empirical study.
flat,动态发音,adj. 平的，水平的；平坦的；（水面）平静的，波澜不兴的；平滑的；平放的，平躺的，平卧的；足弓平坦...,The scholarly paper illustrates the significant impact of flat in the empirical study.
flatter,动态发音,v. 奉承，讨好；使高兴，使感到荣幸；使显得更漂亮；使（某物）显得更重要（更好）,The scholarly paper illustrates the significant impact of flatter in the empirical study.
flavor,动态发音,n. 情味，风味；香料；滋味; vt. 加味于,The scholarly paper illustrates the significant impact of flavor in the empirical study.
flaw,动态发音,n. 缺点，缺陷；裂痕，瑕疵; v. 削弱，使失效,The scholarly paper illustrates the significant impact of flaw in the empirical study.
flee,动态发音,v. 逃离，逃避，逃跑,The scholarly paper illustrates the significant impact of flee in the empirical study.
fleet,动态发音,n. 船队，舰队；（某家公司控制的）车队；小湾，水道; adj. <文>快速的；快速的；（水）浅的;...,The scholarly paper illustrates the significant impact of fleet in the empirical study.
flesh,动态发音,n. （人或动物的）肉；（人体的）皮肤；果肉；肉体; v. 使充实，使具体；<文>激起……的杀性，使...,The scholarly paper illustrates the significant impact of flesh in the empirical study.
flexible,动态发音,adj. 灵活的；柔韧的，易弯曲的,The scholarly paper illustrates the significant impact of flexible in the empirical study.
flock,动态发音,n. （鸟或羊等动物）群；一大群人；（某个教堂的）会众，全体教徒；（填充垫子的）絮屑，毛棉填料；（植...,The scholarly paper illustrates the significant impact of flock in the empirical study.
flourish,动态发音,v. 繁荣，昌盛；挥动；（植物或动物）长势好，茁壮成长; n. 夸张动作；（讲话或文章的）华丽辞藻，...,The scholarly paper illustrates the significant impact of flourish in the empirical study.
fluid,动态发音,n. 流体，液体; adj. 液体的，流体的；易变的，不稳定的；流畅优美的,The scholarly paper illustrates the significant impact of fluid in the empirical study.
flush,动态发音,v. （人的皮肤或脸）发红（尤指因病或激动）；冲洗（抽水马桶），（抽水马桶）被冲洗；（用水或其他液体...,The scholarly paper illustrates the significant impact of flush in the empirical study.
flutter,动态发音,v. 飘动，颤动；振（翼），拍打（翅膀）；翩翩飞舞；（心脏等）砰砰乱跳；急赶，奔走；（心脏等）怦怦乱...,The scholarly paper illustrates the significant impact of flutter in the empirical study.
foam,动态发音,n. 泡沫，气泡；泡沫橡胶，海绵橡胶；泡沫剂，泡沫产品；唾液，汗沫; v. 起泡沫，有泡沫,The scholarly paper illustrates the significant impact of foam in the empirical study.
focus,动态发音,n. 重点，中心点；关注，注意；震源；目的，意图；焦距；病灶；调焦装置；目的明确，专注；（椭圆、抛物...,The scholarly paper illustrates the significant impact of focus in the empirical study.
fog,动态发音,n. 雾；烟雾，尘雾；困惑，迷惘；（底片等的）灰雾，雾翳; v. 使令人困惑，使费解；底片产生灰雾；...,The scholarly paper illustrates the significant impact of fog in the empirical study.
fold,动态发音,v. 折叠，对摺；倒闭，垮掉；交叉，交叠；包，裹；拥抱；拌入；认输；抽筋，双腿发软；使（岩石层）形成...,The scholarly paper illustrates the significant impact of fold in the empirical study.
folk,动态发音,n. 人们；家人，双亲；民间音乐；诸位，大伙儿; adj. 民俗的，传统的；流传民间的，普通百姓的;...,The scholarly paper illustrates the significant impact of folk in the empirical study.
follow,动态发音,v. 跟着，跟随；跟踪；（时间或顺序）在……后；循着，沿着（道路等）；沿着……伸延；遵循，听从；仿效...,The scholarly paper illustrates the significant impact of follow in the empirical study.
foolish,动态发音,adj. 愚蠢的，傻的；（因做傻事而）困窘的，难堪的,The scholarly paper illustrates the significant impact of foolish in the empirical study.
forbid,动态发音,v. 禁止；使不可能，妨碍,The scholarly paper illustrates the significant impact of forbid in the empirical study.
forecast,动态发音,v. 预测，预报; n. 预测，预报,The scholarly paper illustrates the significant impact of forecast in the empirical study.
foreign,动态发音,adj. 外国的，来自国外的；外交的，涉外的；陌生的，不熟悉的；外来的，异质的；外地的，不属于本地区...,The scholarly paper illustrates the significant impact of foreign in the empirical study.
foresee,动态发音,v. 预见，预知,The scholarly paper illustrates the significant impact of foresee in the empirical study.
forge,动态发音,v. 形成，缔造；伪造，假冒；稳步前进；锻造；伪装，假冒; n. 锻铁炉，锻造车间; 【名】 （Fo...,The scholarly paper illustrates the significant impact of forge in the empirical study.
formal,动态发音,adj. 庄重的，合乎礼仪的；（语言）正式的，规范的；合法的；整齐的，布置井然的；正统的，拘谨的；（...,The scholarly paper illustrates the significant impact of formal in the empirical study.
format,动态发音,n. 总体安排，计划，设计；（书或杂志的）开本，版式；（录像、激光唱片、磁带等的）格式; v. 为…...,The scholarly paper illustrates the significant impact of format in the empirical study.
formidable,动态发音,adj. 可怕的，令人敬畏的；（形状、数量）巨大的；难对付的,The scholarly paper illustrates the significant impact of formidable in the empirical study.
formula,动态发音,n. 计划，方案；配方，处方；公式，方程式；分子式，结构式；配方奶，代乳品；（特定场合的）惯用词语，...,The scholarly paper illustrates the significant impact of formula in the empirical study.
fortnight,动态发音,n. 两星期,The scholarly paper illustrates the significant impact of fortnight in the empirical study.
fortunate,动态发音,adj. 幸运的；带来幸运的，吉利的；富足的；侥幸的,The scholarly paper illustrates the significant impact of fortunate in the empirical study.
fortune,动态发音,n. 时运，命运；好运，机遇；财富，巨款；未来，前途; v. 给予财富；偶然发生; 【名】 （For...,The scholarly paper illustrates the significant impact of fortune in the empirical study.
forward,动态发音,adv. 向前；在船头，朝飞机头部；按顺序地；有进展地，前进地；向将来，往后；提前；（钟表）往前（拨...,The scholarly paper illustrates the significant impact of forward in the empirical study.
fossil,动态发音,n. 化石；<非正式>思想僵化的人；僵化的事物; adj. 化石的，从地下采掘出的；不变的，古老的,The scholarly paper illustrates the significant impact of fossil in the empirical study.
foster,动态发音,v. 促进，培养；领养，收养; adj. 代养的，寄养的; 【名】 （Foster） 福斯特（人名）,The scholarly paper illustrates the significant impact of foster in the empirical study.
foul,动态发音,adj. 难闻的，令人恶心的；(脾气）暴躁的，（心情）烦躁的；不正当的，不道德的；（语言）下流的，无...,The scholarly paper illustrates the significant impact of foul in the empirical study.
foundation,动态发音,n. 地基，基础；基本原理，根据；基金会；建立，创办；（化妆打底用的）粉底霜,The scholarly paper illustrates the significant impact of foundation in the empirical study.
fraction,动态发音,n. 分数，小数；小部分，微量；持不同意见的小集团；分离；（基督教用语）分切圣餐面包,The scholarly paper illustrates the significant impact of fraction in the empirical study.
fracture,动态发音,n. 破裂，断裂；骨折；（尤指岩层的）裂缝，裂痕；（语音）元音割裂；由单元音割裂成的复合元音; v....,The scholarly paper illustrates the significant impact of fracture in the empirical study.
fragile,动态发音,adj. 易碎的，易损的；不牢固的，易被摧毁的；纤巧美丽的；虚弱的，体弱的,The scholarly paper illustrates the significant impact of fragile in the empirical study.
fragment,动态发音,n. 碎片；片段；残存部分; v. （使）破碎，分裂,The scholarly paper illustrates the significant impact of fragment in the empirical study.
frame,动态发音,n. 框架，边框；（家具、建筑物、车辆等的）构架，支架；体格，骨架；眼镜框；（系统、概念或文章的）基...,The scholarly paper illustrates the significant impact of frame in the empirical study.
frank,动态发音,adj. 坦率的，直言不讳的；明白无误的，症状明显的; v. （在信件上）盖邮资已付印记，盖免付邮资...,The scholarly paper illustrates the significant impact of frank in the empirical study.
fraud,动态发音,n. 欺诈，骗局，诡计；骗子；伪劣品，冒牌货; 【名】 （Fraud）（法）弗罗（人名）,The scholarly paper illustrates the significant impact of fraud in the empirical study.
freedom,动态发音,n. 自由权，自主权；（状态）自由，自主；行动自由（指不在狱中）；摆脱，免受；自由使用权；<英>荣誉...,The scholarly paper illustrates the significant impact of freedom in the empirical study.
freeze,动态发音,v. 结冰；冻住；冷藏，冷冻；感到很冷，冻僵；突然停止，呆住；使（物价或工资等）固定不动；冻结（钱财...,The scholarly paper illustrates the significant impact of freeze in the empirical study.
freight,动态发音,n. 货物；货运；运费；<美>货运列车; v. 运送（货物）；使充满，使负担,The scholarly paper illustrates the significant impact of freight in the empirical study.
frequency,动态发音,n. 出现次数；频繁；频率,The scholarly paper illustrates the significant impact of frequency in the empirical study.
frequent,动态发音,adj. 频繁的，经常性的；<古>间隔很近的; v. 常去，常出入于,The scholarly paper illustrates the significant impact of frequent in the empirical study.
friction,动态发音,n. 不和，分歧；摩擦；摩擦力,The scholarly paper illustrates the significant impact of friction in the empirical study.
fright,动态发音,n. 惊骇，恐怖，惊吓；恐怖的经历；<旧>不整洁的人，奇怪、丑陋的东西; v. <古>使惊恐,The scholarly paper illustrates the significant impact of fright in the empirical study.
fringe,动态发音,n. 穗，流苏；<英>刘海儿；（地区、组织或活动范围的）边缘，外围；偏激的人，极端的活动；干扰条纹，...,The scholarly paper illustrates the significant impact of fringe in the empirical study.
frivolous,动态发音,adj. 愚蠢轻浮的，不严肃的；无聊的，不重要的,The scholarly paper illustrates the significant impact of frivolous in the empirical study.
frontier,动态发音,n. 边境，国界；(常sing.) 西部边疆，边远地区；（尤指知识的）前沿，新领域；西部边疆，边远地...,The scholarly paper illustrates the significant impact of frontier in the empirical study.
frost,动态发音,n. 严寒天气，霜冻；霜；冷淡，冷漠；<英，非正式>失败; v. （使）蒙上霜，结霜；<美>在（糕饼...,The scholarly paper illustrates the significant impact of frost in the empirical study.
frown,动态发音,v. 皱眉，蹙额；皱眉对……表示不满；不同意，不许可（frown on/upon）; n. 皱眉，蹙...,The scholarly paper illustrates the significant impact of frown in the empirical study.
frugal,动态发音,adj. 节俭的，节约的；（饮食）简单的，省钱的,The scholarly paper illustrates the significant impact of frugal in the empirical study.
frustrate,动态发音,v. 使懊恼，使沮丧；挫败，阻挠；受挫; adj. <古>痛苦的，受挫的,The scholarly paper illustrates the significant impact of frustrate in the empirical study.
fuel,动态发音,n. 燃料，燃烧剂；刺激因素，刺激性言行；（为身体提供能量的）食物，饮料，药剂; v. （给……）提...,The scholarly paper illustrates the significant impact of fuel in the empirical study.
fulfill,动态发音,vt. 履行；实现；满足；使结束（等于 fulfil）,The scholarly paper illustrates the significant impact of fulfill in the empirical study.
fume,动态发音,v. 发怒，生气；冒气（或烟、汽）；熏（尤指木材）; n. 刺鼻（或有害）的气，烟; 【名】 （Fu...,The scholarly paper illustrates the significant impact of fume in the empirical study.
function,动态发音,n. 功能，职责；宴会，典礼；函数，应变量；由其他事情造成的结果；子例行程序，子例程；官能团，功能团...,The scholarly paper illustrates the significant impact of function in the empirical study.
fund,动态发音,n. 基金，专款；资金，钱款；基金会；储备量; v. 资助，为……提供资金; 【名】 （Fund)）...,The scholarly paper illustrates the significant impact of fund in the empirical study.
fundamental,动态发音,adj. 根本的，基本的；必需的，必不可少的；不能再分的; n. 基本原理；基音，基频,The scholarly paper illustrates the significant impact of fundamental in the empirical study.
funeral,动态发音,n. 葬礼，丧礼；<美>葬礼上的布道；<古>出殡行列，送葬队伍；<非正式>需要操心的事; adj. ...,The scholarly paper illustrates the significant impact of funeral in the empirical study.
furious,动态发音,adj. 狂怒的，暴怒的；狂暴的，猛烈的；喧闹的，热烈兴奋的,The scholarly paper illustrates the significant impact of furious in the empirical study.
furnace,动态发音,n. 火炉，熔炉,The scholarly paper illustrates the significant impact of furnace in the empirical study.
furnish,动态发音,v. 为（房间或房屋）配备家具；提供，供应,The scholarly paper illustrates the significant impact of furnish in the empirical study.
furniture,动态发音,n. 家具；装置；惯常的见解；贮藏物，内容；步枪底托；（排版用的）大空铅，填空材料,The scholarly paper illustrates the significant impact of furniture in the empirical study.
